scenario,modulation,NR,NRdB,k,powerPolicy,BER,upper95,numErrors,numBits,numRealizations,throughputMbps,payloadSE,occupancyPct,boostDb,seed,sourceFile
proposal,QPSK,64,18.0617997398389,7,boosted,5.49641194228408e-07,NaN,11,20013056,698,101.201107600391,0.411788361004194,21.875,6.60051938305649,1,C:\Users\M6500QC\OneDrive\Escritorio\2º Cuatrimestre\TFG TELECO\code\cooperative_otfs_leo\results\los_channel_noise\data\checkpoint_f_ber_montecarlo_results_finalized.mat
proposal,QPSK,64,18.0617997398389,7,unboosted,0.00714983258928571,NaN,205,28672,1,101.201107600391,0.411788361004194,21.875,0,1,C:\Users\M6500QC\OneDrive\Escritorio\2º Cuatrimestre\TFG TELECO\code\cooperative_otfs_leo\results\los_channel_noise\data\checkpoint_f_unboosted_ber_montecarlo_results.mat
proposal,QPSK,100,20,7,boosted,0,1.49688885509036e-07,0,20013056,698,101.201107600391,0.411788361004194,21.875,6.60051938305649,1,C:\Users\M6500QC\OneDrive\Escritorio\2º Cuatrimestre\TFG TELECO\code\cooperative_otfs_leo\results\los_channel_noise\data\checkpoint_f_ber_montecarlo_results_finalized.mat
proposal,QPSK,100,20,7,unboosted,0.00118001302083333,NaN,203,172032,6,101.201107600391,0.411788361004194,21.875,0,1,C:\Users\M6500QC\OneDrive\Escritorio\2º Cuatrimestre\TFG TELECO\code\cooperative_otfs_leo\results\los_channel_noise\data\checkpoint_f_unboosted_ber_montecarlo_results.mat
proposal,QPSK,144,21.5836249209525,7,boosted,0,1.49688885509036e-07,0,20013056,698,101.201107600391,0.411788361004194,21.875,6.60051938305649,1,C:\Users\M6500QC\OneDrive\Escritorio\2º Cuatrimestre\TFG TELECO\code\cooperative_otfs_leo\results\los_channel_noise\data\checkpoint_f_ber_montecarlo_results_finalized.mat
proposal,QPSK,144,21.5836249209525,7,unboosted,0.000166082057823129,NaN,200,1204224,42,101.201107600391,0.411788361004194,21.875,0,1,C:\Users\M6500QC\OneDrive\Escritorio\2º Cuatrimestre\TFG TELECO\code\cooperative_otfs_leo\results\los_channel_noise\data\checkpoint_f_unboosted_ber_montecarlo_results.mat
proposal,QPSK,256,24.0823996531185,7,boosted,0,1.49688885509036e-07,0,20013056,698,101.201107600391,0.411788361004194,21.875,6.60051938305649,1,C:\Users\M6500QC\OneDrive\Escritorio\2º Cuatrimestre\TFG TELECO\code\cooperative_otfs_leo\results\los_channel_noise\data\checkpoint_f_ber_montecarlo_results_finalized.mat
proposal,QPSK,256,24.0823996531185,7,unboosted,1.84879310785919e-06,NaN,37,20013056,698,101.201107600391,0.411788361004194,21.875,0,1,C:\Users\M6500QC\OneDrive\Escritorio\2º Cuatrimestre\TFG TELECO\code\cooperative_otfs_leo\results\los_channel_noise\data\checkpoint_f_unboosted_ber_montecarlo_results.mat
proposal,QPSK,400,26.0205999132796,7,boosted,0,1.49688885509036e-07,0,20013056,698,101.201107600391,0.411788361004194,21.875,6.60051938305649,1,C:\Users\M6500QC\OneDrive\Escritorio\2º Cuatrimestre\TFG TELECO\code\cooperative_otfs_leo\results\los_channel_noise\data\checkpoint_f_ber_montecarlo_results_finalized.mat
proposal,QPSK,400,26.0205999132796,7,unboosted,0,1.49688885509036e-07,0,20013056,698,101.201107600391,0.411788361004194,21.875,0,1,C:\Users\M6500QC\OneDrive\Escritorio\2º Cuatrimestre\TFG TELECO\code\cooperative_otfs_leo\results\los_channel_noise\data\checkpoint_f_unboosted_ber_montecarlo_results.mat
proposal,QPSK,576,27.6042248342321,7,boosted,0,1.49688885509036e-07,0,20013056,698,101.201107600391,0.411788361004194,21.875,6.60051938305649,1,C:\Users\M6500QC\OneDrive\Escritorio\2º Cuatrimestre\TFG TELECO\code\cooperative_otfs_leo\results\los_channel_noise\data\checkpoint_f_ber_montecarlo_results_finalized.mat
proposal,QPSK,576,27.6042248342321,7,unboosted,0,1.49688885509036e-07,0,20013056,698,101.201107600391,0.411788361004194,21.875,0,1,C:\Users\M6500QC\OneDrive\Escritorio\2º Cuatrimestre\TFG TELECO\code\cooperative_otfs_leo\results\los_channel_noise\data\checkpoint_f_unboosted_ber_montecarlo_results.mat
proposal,16-QAM,64,18.0617997398389,4,boosted,0.00105794270833333,NaN,208,196608,6,115.658408686161,0.470615269719078,12.5,9.03089986991944,1,C:\Users\M6500QC\OneDrive\Escritorio\2º Cuatrimestre\TFG TELECO\code\cooperative_otfs_leo\fase7_propuesta\proposal_16qam\results\checkpoint_f_16qam_ber_montecarlo_boosted_results.mat
proposal,16-QAM,64,18.0617997398389,4,unboosted,0.1048583984375,NaN,3436,32768,1,115.658408686161,0.470615269719078,12.5,0,1,C:\Users\M6500QC\OneDrive\Escritorio\2º Cuatrimestre\TFG TELECO\code\cooperative_otfs_leo\fase7_propuesta\proposal_16qam\results\checkpoint_f_16qam_ber_montecarlo_unboosted_results.mat
proposal,16-QAM,100,20,4,boosted,9.06551585477941e-05,NaN,202,2228224,68,115.658408686161,0.470615269719078,12.5,9.03089986991944,1,C:\Users\M6500QC\OneDrive\Escritorio\2º Cuatrimestre\TFG TELECO\code\cooperative_otfs_leo\fase7_propuesta\proposal_16qam\results\checkpoint_f_16qam_ber_montecarlo_boosted_results.mat
proposal,16-QAM,100,20,4,unboosted,0.061553955078125,NaN,2017,32768,1,115.658408686161,0.470615269719078,12.5,0,1,C:\Users\M6500QC\OneDrive\Escritorio\2º Cuatrimestre\TFG TELECO\code\cooperative_otfs_leo\fase7_propuesta\proposal_16qam\results\checkpoint_f_16qam_ber_montecarlo_unboosted_results.mat
proposal,16-QAM,144,21.5836249209525,4,boosted,7.89161594721768e-06,NaN,158,20021248,611,115.658408686161,0.470615269719078,12.5,9.03089986991944,1,C:\Users\M6500QC\OneDrive\Escritorio\2º Cuatrimestre\TFG TELECO\code\cooperative_otfs_leo\fase7_propuesta\proposal_16qam\results\checkpoint_f_16qam_ber_montecarlo_boosted_results.mat
proposal,16-QAM,144,21.5836249209525,4,unboosted,0.03814697265625,NaN,1250,32768,1,115.658408686161,0.470615269719078,12.5,0,1,C:\Users\M6500QC\OneDrive\Escritorio\2º Cuatrimestre\TFG TELECO\code\cooperative_otfs_leo\fase7_propuesta\proposal_16qam\results\checkpoint_f_16qam_ber_montecarlo_unboosted_results.mat
proposal,16-QAM,256,24.0823996531185,4,boosted,4.99469363747954e-08,NaN,1,20021248,611,115.658408686161,0.470615269719078,12.5,9.03089986991944,1,C:\Users\M6500QC\OneDrive\Escritorio\2º Cuatrimestre\TFG TELECO\code\cooperative_otfs_leo\fase7_propuesta\proposal_16qam\results\checkpoint_f_16qam_ber_montecarlo_boosted_results.mat
proposal,16-QAM,256,24.0823996531185,4,unboosted,0.009765625,NaN,320,32768,1,115.658408686161,0.470615269719078,12.5,0,1,C:\Users\M6500QC\OneDrive\Escritorio\2º Cuatrimestre\TFG TELECO\code\cooperative_otfs_leo\fase7_propuesta\proposal_16qam\results\checkpoint_f_16qam_ber_montecarlo_unboosted_results.mat
proposal,16-QAM,400,26.0205999132796,4,boosted,0,1.49627638057481e-07,0,20021248,611,115.658408686161,0.470615269719078,12.5,9.03089986991944,1,C:\Users\M6500QC\OneDrive\Escritorio\2º Cuatrimestre\TFG TELECO\code\cooperative_otfs_leo\fase7_propuesta\proposal_16qam\results\checkpoint_f_16qam_ber_montecarlo_boosted_results.mat
proposal,16-QAM,400,26.0205999132796,4,unboosted,0.002716064453125,NaN,267,98304,3,115.658408686161,0.470615269719078,12.5,0,1,C:\Users\M6500QC\OneDrive\Escritorio\2º Cuatrimestre\TFG TELECO\code\cooperative_otfs_leo\fase7_propuesta\proposal_16qam\results\checkpoint_f_16qam_ber_montecarlo_unboosted_results.mat
proposal,16-QAM,576,27.6042248342321,4,boosted,0,1.49627638057481e-07,0,20021248,611,115.658408686161,0.470615269719078,12.5,9.03089986991944,1,C:\Users\M6500QC\OneDrive\Escritorio\2º Cuatrimestre\TFG TELECO\code\cooperative_otfs_leo\fase7_propuesta\proposal_16qam\results\checkpoint_f_16qam_ber_montecarlo_boosted_results.mat
proposal,16-QAM,576,27.6042248342321,4,unboosted,0.000640869140625,NaN,210,327680,10,115.658408686161,0.470615269719078,12.5,0,1,C:\Users\M6500QC\OneDrive\Escritorio\2º Cuatrimestre\TFG TELECO\code\cooperative_otfs_leo\fase7_propuesta\proposal_16qam\results\checkpoint_f_16qam_ber_montecarlo_unboosted_results.mat
